{"cameraMode":{"drawMode":0,"name":"Shaded","section":"Shading Mode"},"sceneLighting":true,"audioPlay":false,"sceneViewState":{"m_AlwaysRefresh":false,"showFog":true,"showSkybox":true,"showFlares":true,"showImageEffects":true,"showParticleSystems":true,"showVisualEffectGraphs":true,"m_FxEnabled":true},"in2DMode":false,"pivot":{"x":513.8123779296875,"y":-10.961830139160157,"z":790.8285522460938},"rotation":{"x":-0.27728739380836489,"y":-0.06936687976121903,"z":0.020021971315145494,"w":-0.9581134915351868},"size":40.67473220825195,"orthographic":false}