{"cameraMode":{"drawMode":0,"name":"Shaded","section":"Shading Mode"},"sceneLighting":true,"audioPlay":false,"sceneViewState":{"m_AlwaysRefresh":false,"showFog":true,"showSkybox":true,"showFlares":true,"showImageEffects":true,"showParticleSystems":true,"showVisualEffectGraphs":true,"m_FxEnabled":true},"in2DMode":false,"pivot":{"x":500.24835205078127,"y":247.03659057617188,"z":78.22674560546875},"rotation":{"x":0.1624961793422699,"y":-0.003948151133954525,"z":0.0006069894297979772,"w":0.9867815375328064},"size":267.15618896484377,"orthographic":false}