{"cameraMode":{"drawMode":0,"name":"Shaded","section":"Shading Mode"},"sceneLighting":true,"audioPlay":false,"sceneViewState":{"m_AlwaysRefresh":false,"showFog":true,"showSkybox":true,"showFlares":true,"showImageEffects":true,"showParticleSystems":true,"showVisualEffectGraphs":true,"m_FxEnabled":true},"in2DMode":false,"pivot":{"x":857.4044189453125,"y":-330.2014465332031,"z":1491.9971923828125},"rotation":{"x":0.19554445147514344,"y":0.19793307781219483,"z":-0.04033000394701958,"w":0.9596750736236572},"size":476.4858703613281,"orthographic":false}