{"cameraMode":{"drawMode":0,"name":"Shaded","section":"Shading Mode"},"sceneLighting":false,"audioPlay":false,"sceneViewState":{"m_AlwaysRefresh":false,"showFog":true,"showSkybox":false,"showFlares":true,"showImageEffects":true,"showParticleSystems":true,"showVisualEffectGraphs":true,"m_FxEnabled":true},"in2DMode":false,"pivot":{"x":-1.422707438468933,"y":1.3351097106933594,"z":5.225585460662842},"rotation":{"x":0.023587625473737718,"y":-0.9753334522247315,"z":0.17688633501529694,"w":0.13010308146476746},"size":1.0723886489868165,"orthographic":false}